{
  "hero_title": "Strakke schoonmaak. Snelle opschaling. <br>Ook teams voor grote klussen.",
  "hero_lead": "Wij helpen particulieren en bedrijven met periodieke en eenmalige schoonmaak. Vandaag een offerte, snel aan de slag.",
  "badges": [
    "✅ Betrouwbaar & zorgvuldig",
    "⚡️ Flexibel inzetbaar",
    "🧑‍🤝‍🧑 Team beschikbaar",
    "⏱ Binnen 24u reactie"
  ],
  "diensten": [
    {
      "titel": "Woningen & portieken",
      "omschrijving": "Grondige schoonmaak, periodiek of eenmalig.",
      "punten": [
        "Sanitair & keuken",
        "Ramen & vloeronderhoud",
        "Trappenhuis/portiek"
      ]
    },
    {
      "titel": "Kantoren & scholen",
      "omschrijving": "Schoon & representatief tijdens of buiten kantooruren.",
      "punten": [
        "Bureaus, sanitair, pantry",
        "Afval & supplies",
        "Dagelijks of wekelijks"
      ]
    },
    {
      "titel": "Oplevering & projecten",
      "omschrijving": "Na verbouwing/verhuur/verkoop. Opschalen met een team.",
      "punten": [
        "Stofvrij opleveren",
        "Keuken/badkamer dieptereiniging",
        "Glas & lichtarmaturen"
      ]
    }
  ],
  "privacy": "We verwerken je naam, e-mail, telefoon en opdrachtomschrijving uitsluitend om contact op te nemen en een offerte te maken. Gegevens worden niet verkocht en alleen gedeeld als dat nodig is voor de uitvoering van de opdracht of wettelijke verplichtingen. Wil je inzage, correctie of verwijdering? Mail ons op zsecurecleaning@outlook.com.",
  "voorwaarden": "Werkzaamheden: volgens offerte/afspraak. Tarieven exclusief btw en parkeerkosten tenzij anders vermeld. Betalingstermijn 14 dagen. Annuleren tot 24 uur vooraf kosteloos; daarna kan 50% in rekening worden gebracht. Schade melden binnen 48 uur.",
  "kvk": "96737859",
  "btw": "NL004548643B69"
}